sku_id,category,mape,prophet_weight,xgb_weight
SKU00026,服装鞋履,15.690345936715861,1.0,0.0
SKU00047,3C电子,30.65019308827405,1.0,0.0
SKU00075,宠物用品,47.481759444815005,1.0,0.0
SKU00082,宠物用品,22.37731524393118,1.0,0.0
SKU00097,运动户外,5.285377002190844,1.0,0.0
